exp,metric,orig_n,orig_mean,orig_ci_lo,orig_ci_hi,rep_n,rep_mean,rep_ci_lo,rep_ci_hi,rel_change_pct,diff,diff_lo,diff_hi,welch_t,welch_p,hedges_g,g_lo,g_hi,cliffs_delta,mw_p,verdict
E1,"Deploy time, manual (s)",20,0.592435,0.582955,0.601916,20,0.421049,0.412173,0.429926,-28.929091,-0.171386,-0.183949,-0.158823,-27.620804,0.0,-8.560933,-10.53663,-6.585235,-1.0,0.0,DIFFERENT
E1,"Deploy time, Docker (s)",20,1.453794,1.402627,1.50496,20,1.051007,1.044914,1.0571,-27.705916,-0.402787,-0.454219,-0.351355,-16.360955,0.0,-5.070998,-6.343372,-3.798624,-1.0,0.0,DIFFERENT
E1,"Deploy time, full pipeline (s)",20,1.551848,1.537038,1.566659,20,1.36806,1.309319,1.426801,-11.843188,-0.183788,-0.24391,-0.123667,-6.349916,2e-06,-1.968125,-2.723205,-1.213046,-0.79,2e-05,DIFFERENT
E1,"Deploy time, Docker+CI/CD (s)",,,,,,,,,,,,,,,,,,,,NOT RUN
E2,"Throughput, Docker (req/s)",20,2737.066497,2638.293609,2835.839385,20,4040.657942,3984.275672,4097.040212,47.627321,1303.591445,1192.646721,1414.53617,23.990084,0.0,7.435609,5.692339,9.178879,1.0,0.0,DIFFERENT
E2,"Throughput, +Prometheus (req/s)",20,2640.653202,2532.079483,2749.226922,20,3995.775948,3944.851667,4046.700229,51.31771,1355.122745,1237.554588,1472.690903,23.65104,0.0,7.330524,5.608757,9.052291,1.0,0.0,DIFFERENT
E2,"Throughput, +Grafana (req/s)",20,2448.848956,2311.853345,2585.844566,20,4033.2234,3995.015339,4071.431461,64.698741,1584.374444,1443.428753,1725.320135,23.316282,0.0,7.226767,5.526193,8.927342,1.0,0.0,DIFFERENT
E2,"p95 latency, Docker (ms)",20,5.225074,4.745658,5.70449,20,3.159044,2.960552,3.357535,-39.540689,-2.06603,-2.576276,-1.555785,-8.333784,0.0,-2.583016,-3.422374,-1.743657,-0.98,0.0,DIFFERENT
E2,"p95 latency, +Prometheus (ms)",20,5.335048,4.949889,5.720207,20,3.139383,3.031378,3.247387,-41.15549,-2.195665,-2.592052,-1.799278,-11.488506,0.0,-3.560806,-4.557293,-2.56432,-1.0,0.0,DIFFERENT
E2,"p95 latency, +Grafana (ms)",20,5.50585,5.090766,5.920934,20,3.025272,2.966642,3.083902,-45.053498,-2.480578,-2.898697,-2.06246,-12.385155,0.0,-3.838718,-4.883577,-2.793859,-1.0,0.0,DIFFERENT
E2,"App CPU%, Docker",20,11.015,9.466017,12.563983,20,7.4155,6.372597,8.458403,-32.678166,-3.5995,-5.41405,-1.78495,-4.034509,0.000302,-1.250476,-1.928142,-0.57281,-0.68,0.000247,DIFFERENT
E2,"App CPU%, +Prometheus",20,3.7645,1.644239,5.884761,20,3.4955,1.81349,5.17751,-7.145703,-0.269,-2.891126,2.353126,-0.208033,0.836371,-0.064479,-0.684435,0.555477,-0.02,0.924502,CONSISTENT
E2,"App CPU%, +Grafana",20,1.787,0.294978,3.279022,20,1.905,0.646501,3.163499,6.603246,0.118,-1.77167,2.00767,0.126531,0.899998,0.039218,-0.580637,0.659072,-0.0125,0.956799,CONSISTENT
E2,"App mem, Docker (MB)",20,36.1125,35.914526,36.310474,20,37.6555,37.489834,37.821166,4.272759,1.543,1.293064,1.792936,12.510543,0.0,3.877581,2.825854,4.929309,1.0,0.0,DIFFERENT
E2,"App mem, +Prometheus (MB)",20,35.6775,35.471698,35.883302,20,37.74,37.498535,37.981465,5.780954,2.0625,1.75538,2.36962,13.606282,0.0,4.2172,3.104483,5.329918,0.98,0.0,DIFFERENT
E2,"App mem, +Grafana (MB)",20,35.786,35.323448,36.248552,20,37.7205,37.494617,37.946383,5.405745,1.9345,1.430363,2.438637,7.865721,0.0,2.437942,1.619684,3.256199,0.895,1e-06,DIFFERENT
E2,"cAdvisor CPU%, +Prometheus",20,6.125,4.577308,7.672692,20,2.408,1.797348,3.018652,-60.685714,-3.717,-5.354938,-2.079062,-4.675891,8.8e-05,-1.44927,-2.145691,-0.752848,-0.595,0.001348,DIFFERENT
E2,"cAdvisor CPU%, +Grafana",20,6.4005,4.979728,7.821272,20,2.1875,1.596445,2.778555,-65.822983,-4.213,-5.726028,-2.699972,-5.73034,5e-06,-1.776091,-2.507951,-1.044231,-0.715,0.000116,DIFFERENT
E2,"Prometheus CPU%, +Prometheus",20,0.7795,0.395487,1.163513,20,0.6205,0.259538,0.981462,-20.397691,-0.159,-0.668812,0.350812,-0.631446,0.531544,-0.195714,-0.816991,0.425563,-0.1775,0.342857,CONSISTENT
E2,"Prometheus CPU%, +Grafana",20,0.7975,0.465108,1.129892,20,0.5095,0.1753,0.8437,-36.112853,-0.288,-0.743898,0.167898,-1.278851,0.208705,-0.396374,-1.022225,0.229478,-0.475,0.010538,CONSISTENT
E2,"Grafana CPU%, +Grafana",20,0.06,0.005866,0.114134,20,0.0465,0.02539,0.06761,-22.5,-0.0135,-0.070716,0.043716,-0.486294,0.631054,-0.150725,-0.771399,0.46995,0.135,0.451018,CONSISTENT
E3,CPU-stress MTTD (s),20,5.6521,3.884094,7.420105,20,2.411691,2.074376,2.749007,-57.331056,-3.240408,-5.032083,-1.448734,-3.768136,0.001177,-1.167915,-1.83847,-0.49736,-0.755,4.7e-05,DIFFERENT
E3,CPU-stress peak CPU%,20,96.588105,91.78839,101.387821,20,95.127537,89.687107,100.567967,-1.512162,-1.460568,-8.481295,5.560158,-0.421363,0.675901,-0.130599,-0.751055,0.489856,-0.235,0.208454,CONSISTENT
E4,Time to OOM (s),,,,,,,,,,,,,,,,,,,,NOT RUN
E4,Peak memory (MB),20,135.54,135.460517,135.619483,20,138.59,137.533304,139.646696,2.250258,3.05,1.991121,4.108879,6.024192,8e-06,1.867169,1.124503,2.609835,1.0,0.0,DIFFERENT
E4,Requests before OOM,20,5.25,4.726744,5.773256,20,16.0,16.0,16.0,204.761905,10.75,10.226744,11.273256,43.0,0.0,13.327639,10.342102,16.313176,1.0,0.0,DIFFERENT
E5,Failure MTTD (s),20,1.148958,1.047262,1.250654,20,3.135183,3.071812,3.198554,172.871822,1.986225,1.869585,2.102864,34.694092,0.0,10.753264,8.316745,13.189782,1.0,0.0,DIFFERENT
E5,MTTR (s),20,1.993945,1.991046,1.996845,20,1.980212,1.936481,2.023943,-0.688751,-0.013733,-0.057534,0.030068,-0.655857,0.519712,-0.20328,-0.824673,0.418114,-0.8,1.6e-05,CONSISTENT
