exp,comparison,n_a,n_b,diff,diff_lo,diff_hi,welch_t,welch_p,hedges_g,g_lo,g_hi,cliffs_delta,mw_p
E1,Docker vs manual deploy time,20,20,0.629958,0.6195,0.640415,122.465598,0.0,37.957612,29.616876,46.298347,1.0,0.0
E1,Full pipeline vs Docker deploy time,20,20,0.317053,0.258081,0.376025,11.236765,0.0,3.48278,2.499624,4.465936,1.0,0.0
E2,Throughput Docker vs +Prometheus,20,20,44.881994,-28.626919,118.390908,1.236443,0.223959,0.383229,-0.242229,1.008688,0.285,0.126431
E2,Throughput +Prometheus vs +Grafana,20,20,-37.447452,-99.182697,24.287793,-1.231121,0.22643,-0.38158,-1.00699,0.24383,-0.285,0.126431
E2,Throughput Docker vs +Grafana,20,20,7.434542,-58.739436,73.60852,0.228468,0.820675,0.070812,-0.549177,0.690802,0.14,0.456951
E2,p95 Docker vs +Prometheus,20,20,0.019661,-0.20104,0.240361,0.182104,0.856753,0.056442,-0.563476,0.676361,-0.19,0.310402
E2,p95 +Prometheus vs +Grafana,20,20,0.114111,-0.005921,0.234143,1.943466,0.06162,0.602368,-0.031327,1.236063,0.34,0.067868
E2,p95 Docker vs +Grafana,20,20,0.133772,-0.071149,0.338693,1.352794,0.189685,0.419292,-0.207276,1.04586,0.035,0.860431
E2,App CPU Docker vs +Prometheus,20,20,3.92,1.993297,5.846703,4.145666,0.000235,1.284929,0.604175,1.965683,0.53,0.004309
E2,App CPU +Prometheus vs +Grafana,20,20,1.5905,-0.446654,3.627654,1.584682,0.121984,0.491164,-0.137906,1.120235,0.3425,0.06526
E2,App CPU Docker vs +Grafana,20,20,5.5105,3.927839,7.093161,7.056517,0.0,2.187133,1.403651,2.970614,0.875,2e-06
