exp,metric,n,mean,ci_lo,ci_hi,sd,median,min,max
E1,"Deploy time, manual (s)",20,0.421049,0.412173,0.429926,0.018966,0.428115,0.376694,0.437231
E1,"Deploy time, Docker (s)",20,1.051007,1.044914,1.0571,0.013019,1.047758,1.036557,1.08095
E1,"Deploy time, full pipeline (s)",20,1.36806,1.309319,1.426801,0.125511,1.361237,1.117778,1.587174
E1,"Deploy time, Docker+CI/CD (s)",8,48.60067,44.048508,53.152832,5.445034,48.51311,40.403524,56.65266
E2,"Throughput, Docker (req/s)",20,4040.657942,3984.275672,4097.040212,120.471227,4072.265435,3772.091442,4193.849979
E2,"Throughput, +Prometheus (req/s)",20,3995.775948,3944.851667,4046.700229,108.809217,4019.076916,3680.817607,4221.192573
E2,"Throughput, +Grafana (req/s)",20,4033.2234,3995.015339,4071.431461,81.638643,4050.039969,3859.958294,4144.746141
E2,"p95 latency, Docker (ms)",20,3.159044,2.960552,3.357535,0.424114,2.983136,2.669001,4.442186
E2,"p95 latency, +Prometheus (ms)",20,3.139383,3.031378,3.247387,0.230772,3.094125,2.824022,3.840063
E2,"p95 latency, +Grafana (ms)",20,3.025272,2.966642,3.083902,0.125275,2.986408,2.841986,3.347828
E2,"App CPU%, Docker",20,7.4155,6.372597,8.458403,2.228357,6.41,6.02,12.19
E2,"App CPU%, +Prometheus",20,3.4955,1.81349,5.17751,3.593928,2.87,0.12,11.81
E2,"App CPU%, +Grafana",20,1.905,0.646501,3.163499,2.689018,0.245,0.12,6.8
E2,"App mem, Docker (MB)",20,37.6555,37.489834,37.821166,0.353977,37.69,36.84,38.15
E2,"App mem, +Prometheus (MB)",20,37.74,37.498535,37.981465,0.515936,37.83,36.07,38.27
E2,"App mem, +Grafana (MB)",20,37.7205,37.494617,37.946383,0.48264,37.73,36.79,38.72
E2,"cAdvisor CPU%, +Prometheus",20,2.408,1.797348,3.018652,1.304771,2.955,0.73,3.91
E2,"cAdvisor CPU%, +Grafana",20,2.1875,1.596445,2.778555,1.262899,1.665,0.72,4.3
E2,"Prometheus CPU%, +Prometheus",20,0.6205,0.259538,0.981462,0.771263,0.65,0.05,3.22
E2,"Prometheus CPU%, +Grafana",20,0.5095,0.1753,0.8437,0.71408,0.375,0.0,3.44
E2,"Grafana CPU%, +Grafana",20,0.0465,0.02539,0.06761,0.045105,0.03,0.01,0.18
E3,CPU-stress MTTD (s),20,2.411691,2.074376,2.749007,0.720737,2.511316,1.006726,3.515975
E3,CPU-stress peak CPU%,20,95.127537,89.687107,100.567967,11.624492,100.392092,65.575383,100.501049
E4,Time to OOM (s),0,,,,,,,
E4,Peak memory (MB),20,138.59,137.533304,139.646696,2.257828,139.65,136.0,142.9
E4,Requests before OOM,20,16.0,16.0,16.0,0.0,16.0,16.0,16.0
E5,Failure MTTD (s),20,3.135183,3.071812,3.198554,0.135404,3.162131,2.857176,3.481218
E5,MTTR (s),20,1.980212,1.936481,2.023943,0.093439,1.950912,1.943431,2.256742
