app_cpu_mean,app_mem_mb_mean,cadvisor_cpu_mean,cadvisor_mem_mb_mean,case,error_rate,grafana_cpu_mean,grafana_mem_mb_mean,mean_latency_ms,p95_latency_ms,prometheus_cpu_mean,prometheus_mem_mb_mean,run,throughput_rps,wall_seconds
10.62,35.51,,,docker,0.0,,,3.7932568899850594,4.588973999489099,,,1,2534.676165307722,0.11835831500138738
8.72,35.99,,,docker,0.0,,,3.240332283312455,4.51251000049524,,,2,2952.204953168559,0.10161896099998557
9.07,35.43,,,docker,0.0,,,3.417299783274454,4.865274000621866,,,3,2799.6330613894443,0.10715690000142786
15.85,36.34,,,docker,0.0,,,3.2457015433586394,5.007120000300347,,,4,2928.134444936209,0.10245431200019084
9.32,35.9,,,docker,0.0,,,3.5393398133176865,6.673124998997082,,,5,2712.6865622802916,0.11059147200103325
10.1,35.96,,,docker,0.0,,,3.78252641667738,6.0013510010321625,,,6,2516.5207490431553,0.1192122099982953
10.48,36.47,,,docker,0.0,,,3.951842006620912,7.362652000665548,,,7,2426.7236830161223,0.1236234690004494
9.65,36.32,,,docker,0.0,,,3.6676543300442668,6.246212000405649,,,8,2640.970609488038,0.11359460000130639
18.31,35.71,,,docker,0.0,,,3.8445234099284185,5.927382999288966,,,9,2504.9953573688485,0.11976070099990466
9.51,36.18,,,docker,0.0,,,3.4797657433409768,4.867356999966432,,,10,2783.6361462400973,0.10777270600010525
9.38,36.72,,,docker,0.0,,,3.411270553333452,3.9457840011891676,,,11,2834.7180237676343,0.10583063200101606
9.64,36.29,,,docker,0.0,,,3.5201848500158426,4.586909999488853,,,12,2745.296170617391,0.10927782700127864
8.3,36.75,,,docker,0.0,,,3.0980019433385073,4.285512999558705,,,13,3110.5390392344148,0.09644630599905213
16.22,36.36,,,docker,0.0,,,3.074095949941693,3.9927620000526076,,,14,3116.035069743885,0.09627619499951834
8.66,36.52,,,docker,0.0,,,3.27585570995628,4.079876000105287,,,15,2915.924677237315,0.10288331599986122
9.17,35.82,,,docker,0.0,,,3.3993214199532913,4.742693001389853,,,16,2812.372248001356,0.10667151199959335
8.84,36.62,,,docker,0.0,,,3.3872800033047192,4.836899999645539,,,17,2819.5182920614593,0.10640115400019567
9.37,36.3,,,docker,0.0,,,3.5289661766485856,4.849933999139466,,,18,2691.3614993381407,0.11146774599910714
18.66,35.59,,,docker,0.0,,,3.9822902966564775,6.413316001271596,,,19,2424.5487696435493,0.12373436400048377
10.43,35.47,,,docker,0.0,,,3.906770986741321,6.715835001159576,,,20,2470.8344146833097,0.12141647300086333
7.8,35.64,11.2,30.65,docker_prometheus,0.0,,,3.310550353313981,4.863881000346737,0.0,48.66,1,2864.353170649109,0.10473568799898203
8.58,35.21,4.03,30.73,docker_prometheus,0.0,,,3.2593106133026595,5.0787250002031215,0.07,51.39,2,2951.725881044134,0.10163545399882423
0.12,35.29,9.65,37.97,docker_prometheus,0.0,,,3.51377565661096,5.151510998985032,0.1,53.7,3,2722.0310852400416,0.11021181999967666
0.33,35.31,3.17,39.17,docker_prometheus,0.0,,,3.2970939832133204,4.825899999559624,3.57,55.73,4,2892.7042479580646,0.10370918499938853
9.61,35.79,10.15,41.97,docker_prometheus,0.0,,,3.578215339991099,5.579307000516565,1.35,59.22,5,2675.2657078170255,0.1121383940007945
9.79,35.78,4.03,41.51,docker_prometheus,0.0,,,3.5044580199064512,5.253093000646913,1.19,59.48,6,2745.280193042004,0.10927846300000965
11.32,35.41,8.1,44.5,docker_prometheus,0.0,,,4.044305839979643,6.604836000406067,1.1,58.75,7,2365.5884285825746,0.1268183409993071
0.24,35.69,3.27,44.99,docker_prometheus,0.0,,,3.425256333339348,4.652722998798708,1.42,58.96,8,2791.4741196692826,0.1074700990011479
0.12,35.64,8.92,47.14,docker_prometheus,0.0,,,3.7928165367338806,5.834367000716156,0.05,58.75,9,2535.507029143708,0.11831953000000794
8.93,35.6,2.04,47.29,docker_prometheus,0.0,,,3.3652158399187706,4.234655998516246,0.05,59.64,10,2828.9361811062818,0.1060469309995824
8.9,36.31,9.77,50.56,docker_prometheus,0.0,,,3.397876469947126,4.76496400005999,0.04,59.87,11,2786.3162375056095,0.10766904199954297
0.29,35.57,2.37,49.56,docker_prometheus,0.0,,,3.5640236633662425,4.977223999958369,1.07,59.89,12,2708.7889610344687,0.11075059900031192
0.11,35.55,9.39,52.04,docker_prometheus,0.0,,,3.2700620233845257,4.465490999791655,0.08,59.83,13,2884.326175447437,0.10401042800003779
0.29,35.78,2.67,53.66,docker_prometheus,0.0,,,4.423423563348479,7.380234001175268,1.19,60.45,14,2184.8130759222954,0.13731151799947838
0.12,35.53,8.58,53.56,docker_prometheus,0.0,,,3.405076579989933,4.843703000005917,0.81,61.2,15,2819.149263065215,0.10641508200023964
7.94,37.27,2.74,53.9,docker_prometheus,0.0,,,3.6584377199627243,4.762108999784687,0.84,63.4,16,2595.1374805292876,0.11560081199968408
0.1,35.55,8.96,53.52,docker_prometheus,0.0,,,4.296243153360895,5.287777999910759,0.63,64.7,17,2264.041637177847,0.13250639699981548
0.25,35.55,2.85,56.14,docker_prometheus,0.0,,,4.098355029946106,6.939394999790238,0.69,64.43,18,2355.1399905775643,0.12738096300017787
0.11,35.54,7.73,56.89,docker_prometheus,0.0,,,3.9274478633403,5.5543900016346015,0.59,65.04,19,2452.354772690648,0.12233140300122614
0.34,35.54,2.88,57.38,docker_prometheus,0.0,,,4.046060263299296,5.646673998853657,0.75,64.93,20,2390.130405830844,0.1255161640001461
7.58,35.33,3.94,27.34,docker_full,0.0,0.04,60.67,4.304627063314304,6.225602000995423,0.07,46.23,1,2266.847636669533,0.13234237500000745
0.29,35.48,2.71,26.07,docker_full,0.0,0.02,60.71,4.768115106665694,6.316943999991054,2.82,45.66,2,2040.999669392414,0.14698679499997525
0.11,35.27,8.33,35.77,docker_full,0.0,0.1,60.71,4.370578419996794,5.846347999977297,0.6,47.63,3,2222.8049758067946,0.13496460700116586
0.29,35.29,2.56,36.11,docker_full,0.0,0.02,60.71,4.1503331867170346,5.7934500000556,2.31,49.68,4,2342.06870572977,0.12809188699975493
0.12,35.33,8.16,37.7,docker_full,0.0,0.03,60.71,3.70880486001018,5.392814999140683,0.77,49.91,5,2595.9859981756986,0.11556302700046217
8.03,35.51,8.9,42.02,docker_full,0.0,0.02,60.71,3.842760423291717,5.092360999697121,0.63,49.93,6,2515.2312764480453,0.11927332599952933
0.13,35.39,2.43,41.65,docker_full,0.0,0.03,60.72,3.9528983365865615,4.989936998754274,0.0,49.43,7,2436.332480529437,0.12313590300072974
0.26,35.42,8.41,43.8,docker_full,0.0,0.09,60.76,3.6821859033201085,4.8405469988210825,1.16,50.47,8,2618.687630583877,0.11456120099865075
0.22,35.41,2.82,43.58,docker_full,0.0,0.02,60.76,3.8444523400115336,4.884088000835618,0.0,49.53,9,2526.1925963723593,0.11875579099978495
0.33,35.42,9.47,47.62,docker_full,0.0,0.02,60.09,4.773127026674047,6.393717998435022,1.38,50.29,10,2043.3671855247533,0.14681649099838978
8.32,36.91,2.42,44.77,docker_full,0.0,0.02,60.09,5.279809143291156,7.638138999027433,0.01,49.56,11,1841.2533023296137,0.16293249800037302
0.33,35.5,8.69,47.16,docker_full,0.0,0.03,60.09,3.5535246066622976,5.498995000380091,0.79,50.31,12,2714.6205472454208,0.11051268299888761
0.11,35.74,8.37,49.59,docker_full,0.0,0.02,60.09,3.7206289400455717,5.518922000192106,0.6,51.6,13,2586.8683320465657,0.11597033999896667
0.26,35.75,2.51,47.99,docker_full,0.0,0.54,60.54,3.7085869533317846,5.20761599909747,0.79,53.83,14,2556.6313007946987,0.11734190999959537
0.12,35.51,8.46,50.76,docker_full,0.0,0.03,60.32,4.324852970015248,5.51172900122765,0.52,54.49,15,2243.2985605693666,0.13373164199947496
0.64,39.7,9.4,55.05,docker_full,0.0,0.02,60.32,4.381608076661602,6.711334999636165,0.83,56.23,16,2223.2176638127385,0.13493955400008417
0.12,35.96,3.19,54.9,docker_full,0.0,0.03,60.32,3.448102486624218,4.573805001200526,0.49,58.7,17,2812.526200440646,0.10666567299995222
8.04,35.7,9.09,57.12,docker_full,0.0,0.08,60.32,3.2901968133410264,4.070428001796245,0.75,62.12,18,2936.8570449141725,0.10215001799952006
0.16,35.52,9.51,58.02,docker_full,0.0,0.02,60.32,3.7682033700366446,5.672039998898981,0.62,64.2,19,2564.996432478555,0.11695922699982475
0.28,35.58,8.64,60.73,docker_full,0.0,0.02,64.94,3.327494389941421,3.938187999665388,0.81,65.79,20,2888.1915767598252,0.10387122599968279
9.27,37.34,,,docker,0.0,,,3.232359189990651,4.177079999863054,,,1,2980.630107006864,0.10064985899953172
8.4,37.16,,,docker,0.0,,,3.267209363317913,5.096574000162946,,,2,2915.0922536884555,0.10291269499975897
8.18,37.89,,,docker,0.0,,,3.1300508066487964,4.618902999936836,,,3,2994.107058374087,0.10019681799985847
16.24,37.87,,,docker,0.0,,,3.335874473335328,4.580319999149651,,,4,2787.5673529842634,0.10762071799945261
8.59,37.79,,,docker,0.0,,,3.2360167166795386,3.9967889997569728,,,5,2897.076154870812,0.103552679999666
8.26,37.2,,,docker,0.0,,,3.122326399992138,4.678344999774708,,,6,2982.3046741507114,0.10059334400011721
8.86,37.27,,,docker,0.0,,,3.285707193366155,3.9859580001575523,,,7,2902.0126434603035,0.10337653100032185
8.68,37.09,,,docker,0.0,,,3.332897956637074,5.523849000383052,,,8,2837.9297752504153,0.1057108610002615
15.88,37.43,,,docker,0.0,,,3.26419360334512,4.849287000070035,,,9,2880.7636650989384,0.10413905299992621
8.74,37.75,,,docker,0.0,,,3.2671841333497773,4.71978199948353,,,10,2895.6012959235763,0.10360542400030681
8.63,37.86,,,docker,0.0,,,3.183284710009199,4.59874399984983,,,11,2943.0776698958025,0.10193410900046729
8.83,37.79,,,docker,0.0,,,3.33414497332645,4.682761999902141,,,12,2832.610213584294,0.10590938299992558
8.45,38.07,,,docker,0.0,,,3.2069108400264668,5.1267190001453855,,,13,2931.4737809580843,0.10233760299979622
15.57,37.73,,,docker,0.0,,,3.2591279166566287,4.599724999934551,,,14,2889.1701057332752,0.10383604599974205
8.53,37.96,,,docker,0.0,,,3.2439753600162176,4.645711999728519,,,15,2901.60669118049,0.10339099400061968
8.51,37.23,,,docker,0.0,,,3.2056377833305305,3.9527239996459684,,,16,2966.5765022086944,0.10112666899931355
8.88,37.04,,,docker,0.0,,,3.4117020966459677,5.030205999901227,,,17,2763.3081495967826,0.10856552500081307
8.72,37.5,,,docker,0.0,,,3.322192559993103,4.376653999315749,,,18,2840.680787339127,0.10560848699969938
16.15,37.9,,,docker,0.0,,,3.2133077333340525,5.045154000072216,,,19,2929.4730534029063,0.10240749600052368
8.78,37.35,,,docker,0.0,,,3.3123129033477503,3.840993999801867,,,20,2838.813288613788,0.10567796099985571
7.61,37.23,4.49,25.37,docker_prometheus,0.0,,,3.4927583899904375,5.405031999544008,0.0,79.69,1,2740.333956095768,0.10947570799999085
8.87,36.64,6.78,29.07,docker_prometheus,0.0,,,3.4017477900063873,5.624324999189412,0.46,78.93,2,2774.2002667419015,0.10813927299932402
0.21,37.39,6.15,29.49,docker_prometheus,0.0,,,3.253299916677861,5.177863999961119,0.91,79.32,3,2901.9806695297907,0.10337766999964515
0.34,36.24,1.5,29.48,docker_prometheus,0.0,,,3.3389803466585968,4.805841000234068,0.48,80.03,4,2832.879380140458,0.10589932000038971
11.0,37.3,1.73,30.94,docker_prometheus,0.0,,,3.954332379989865,5.548172000089835,0.55,81.08,5,2446.0600544213216,0.12264621200029069
8.55,38.11,6.42,31.98,docker_prometheus,0.0,,,3.5452356199887918,4.707545999735885,0.89,80.39,6,2700.29493970363,0.11109897500045918
0.12,36.29,1.14,32.45,docker_prometheus,0.0,,,3.4993257866365943,6.2920829996073735,0.51,81.96,7,2685.1052245843484,0.1117274649996034
0.3,37.07,6.51,34.58,docker_prometheus,0.0,,,3.192004486627411,4.629688999557402,0.63,83.98,8,2954.7956160492677,0.10152986499997496
0.14,37.11,8.2,34.68,docker_prometheus,0.0,,,3.535844599976675,5.53410399970744,0.6,84.21,9,2705.246658177221,0.11089561799963121
10.09,36.88,6.69,35.94,docker_prometheus,0.0,,,3.9215982666579903,7.676983000237669,0.53,84.41,10,2450.844114009674,0.12240680600007181
,,,,docker_prometheus,0.0,,,3.4277203266568295,5.824111000038101,,,11,2755.0463495039194,0.10889109000072494
,,,,docker_prometheus,1.0,,,1.6371477433403925,3.6732349999510916,,,12,5361.096091132916,0.05595870599972841
0.15,35.14,3.5,24.52,docker_prometheus,1.0,,,1.5899856233105916,2.9235510000944487,0.0,61.1,13,5749.919774298317,0.0521746409995103
7.88,37.23,8.9,29.39,docker_prometheus,0.0,,,3.6395004833593703,5.4313290002028225,0.0,61.1,14,2634.798972171329,0.11386067900002672
8.99,36.31,1.76,28.01,docker_prometheus,0.0,,,3.34202410997932,5.368469999666559,0.13,65.44,15,2832.3357768150186,0.10591964499963069
107.93,48.94,5.07,32.18,docker_prometheus,0.0,,,63.48396306665563,644.2611140000736,1.1,66.01,16,157.20932907260828,1.9082836990000942
11.11,36.79,1.89,32.34,docker_prometheus,0.0,,,4.039339293346226,6.12000699948112,0.06,66.3,17,2345.9557298989807,0.12787965099960275
87.30000000000001,43.775000000000006,3.355,32.78,docker_prometheus,0.0,,,157.60490978667195,1235.8682260000933,1.325,66.64,18,63.403623046349075,4.7315908079999645
7.73,38.11,7.23,34.2,docker_prometheus,0.0,,,3.3756877566732633,4.653520999454486,0.0,66.24,19,2800.032932120426,0.10714159700000891
101.32666666666667,38.28333333333333,2.703333333333333,34.763333333333335,docker_prometheus,0.0,,,246.49646521998875,1034.3217520003236,0.7300000000000001,68.11333333333333,20,40.542970812223274,7.399556420999943
0.0,0.0,3.9033333333333333,27.54,docker_full,0.8166666666666667,0.04,66.69333333333334,201.14680341331527,1189.50799599952,0.55,80.85,1,49.683688301591886,6.038199059999897
0.0,0.0,3.2233333333333336,32.553333333333335,docker_full,0.54,0.060000000000000005,66.80333333333333,422.0438999733354,1553.0314870002258,1.5233333333333334,82.48,2,23.685480655852892,12.665987418999975
,,,,docker_full,1.0,,,1.66377520002546,3.005554000083066,,,3,5548.934751629845,0.054064430999460455
,,,,docker_full,0.0,,,122.23224060667235,942.2095250001803,,,4,81.71997604791501,3.671073028999672
,,,,docker_full,0.0,,,3.602838176672473,5.551520000153687,,,5,2641.242489067834,0.11358290699990903
,,,,docker_full,0.9433333333333334,,,72.51868474668602,828.5647259999678,,,6,137.67555302896073,2.1790360990007684
,,,,docker_full,0.0,,,3.731038820020937,4.5268190006027,,,7,2562.1477548542653,0.11708926600022096
,,,,docker_full,0.5666666666666667,,,423.5701367133455,1393.7422810004136,,,8,23.600768833654243,12.711450297000738
,,,,docker_full,1.0,,,1.726973029981309,3.0018349998499616,,,9,5344.710487823663,0.0561302620008064
,,,,docker_full,0.0,,,216.5002749499945,994.3321640002978,,,10,46.160679589107325,6.499037767000118
,,,,docker_full,1.0,,,1.5982911866831273,3.3588080004847143,,,11,5680.78122402859,0.05280963800032623
,,,,docker_full,0.63,,,301.57647238330657,1159.6152069996606,,,12,33.144521464255604,9.051269614000375
,,,,docker_full,1.0,,,1.6592585233168695,2.8168369999548304,,,13,5511.630615408047,0.05443035299958865
,,,,docker_full,0.6933333333333334,,,263.62444531669706,1034.115274999749,,,14,37.9159288769321,7.912241869999889
,,,,docker_full,0.0,,,3.860735029957141,4.786115000570135,,,15,2493.811710151611,0.12029777499992633
,,,,docker_full,0.0,,,125.73444957332869,964.0929560000586,,,16,79.46050198939595,3.775460669000495
,,,,docker_full,0.0,,,3.528159720014325,6.151004999992438,,,17,2710.4913361930785,0.11068103999969026
,,,,docker_full,0.9366666666666666,,,73.3443620533156,647.4487920004321,,,18,136.15325723967288,2.2033993610002653
,,,,docker_full,0.0,,,3.3985892066842402,3.745975000128965,,,19,2811.851165326938,0.1066912800006321
,,,,docker_full,0.6533333333333333,,,395.359346990017,1534.499646999393,,,20,25.28730907855727,11.863658528000087
23.93,40.59,,,docker,0.0,,,5.888717006673687,7.229060000099707,,,1,1643.7807817203354,0.18250608799917245
15.46,37.31,,,docker,0.0,,,5.759492986683957,7.384792999800993,,,2,1658.5049518792202,0.18088580299991008
14.69,36.84,,,docker,0.0,,,5.4213730200171995,7.670188999327365,,,3,1764.8352447719103,0.16998753900043084
31.01,37.98,,,docker,0.0,,,6.398573623343206,8.210655000766565,,,4,1498.3572610322433,0.20021927200014034
13.95,37.91,,,docker,0.0,,,5.206265950027955,6.363575000250421,,,5,1828.3519427616536,0.16408219499953702
17.6,38.0,,,docker,0.0,,,6.50916712667519,7.970433999616944,,,6,1476.9444103618182,0.2031220660001054
14.23,37.57,,,docker,0.0,,,5.26826455000446,6.637318999310082,,,7,1798.6927424877256,0.16678779700032464
13.47,37.36,,,docker,0.0,,,5.0751778933681635,6.125708000581653,,,8,1881.0508939715394,0.15948531800040655
33.28,37.62,,,docker,0.0,,,5.51305713665594,7.121487999938836,,,9,1736.0163836877982,0.1728094290001536
14.66,37.59,,,docker,0.0,,,5.475678813330281,7.244820999403601,,,10,1741.8073655085616,0.17223489000025438
17.44,37.26,,,docker,0.0,,,6.50721225997889,7.707379000748915,,,11,1479.271457225694,0.20280253400051151
15.83,37.91,,,docker,0.0,,,5.855937736696433,7.612420999976166,,,12,1629.673680711114,0.1840859330004605
16.44,37.65,,,docker,0.0,,,6.092205880031543,7.521880999775021,,,13,1574.0570052745177,0.1905903019996913
34.39,37.18,,,docker,0.0,,,6.0179879466340935,7.3568509997130604,,,14,1596.9515855046125,0.1878579180001907
17.48,37.08,,,docker,0.0,,,6.515459296676151,8.04589500057773,,,15,1475.6492928197665,0.2033003380001901
16.07,37.8,,,docker,0.0,,,5.984130543317103,7.804079999914393,,,16,1604.483560304747,0.18697605099987413
15.25,37.59,,,docker,0.0,,,5.575796676669901,7.833314999516006,,,17,1707.911116595426,0.17565316899981553
15.24,37.38,,,docker,0.0,,,5.662292963294627,7.605617999615788,,,18,1691.5682713833328,0.17735021699991194
32.46,37.34,,,docker,0.0,,,5.340715266647749,7.2391789999528555,,,19,1789.1915048580847,0.16767349899964756
15.97,37.88,,,docker,0.0,,,5.942704696690271,7.743997999568819,,,20,1613.9314216045982,0.1858815039995534
0.16,37.1,3.3,26.2,docker_prometheus,0.0,,,5.9360396933486,7.708911000008811,0.12,65.39,1,1623.3988836152162,0.18479746600041835
0.35,37.26,10.57,26.45,docker_prometheus,0.0,,,5.797174366665179,8.299801999783085,1.45,77.18,2,1663.979616919697,0.18029066999952192
0.15,36.39,2.2,30.57,docker_prometheus,0.0,,,5.963425736660308,7.955714999297925,0.96,78.67,3,1614.346138794455,0.18583375200068986
15.2,36.67,8.23,31.22,docker_prometheus,0.0,,,5.685798213341211,7.898607999777596,0.93,80.05,4,1685.075659529674,0.17803354900024715
15.12,38.21,4.0,31.11,docker_prometheus,0.0,,,5.566939169966645,7.892997999988438,0.73,73.95,5,1717.9100529304926,0.17463079600020137
15.44,38.22,3.6,32.27,docker_prometheus,0.0,,,5.730417946663995,7.715683999776957,0.92,73.57,6,1668.4505183451433,0.17980755000007775
0.17,36.89,8.61,32.49,docker_prometheus,0.0,,,5.413252073346181,7.796566000251914,0.07,73.42,7,1760.1453147822838,0.17044047299987142
0.36,37.6,1.9,32.99,docker_prometheus,0.0,,,6.183106686664056,7.4918740001521655,1.57,75.45,8,1554.6081370506754,0.19297467500018683
16.23,37.78,9.92,37.36,docker_prometheus,0.0,,,5.9220827833784515,7.842202000574616,1.69,74.19,9,1605.5263673203522,0.18685460800043074
14.37,36.95,1.5,37.7,docker_prometheus,0.0,,,5.4237130666903495,7.0997769998939475,0.08,74.91,10,1759.8920806000303,0.17046499800017045
18.11,37.88,8.68,39.37,docker_prometheus,0.0,,,5.769563093332787,7.385464000435604,0.05,74.18,11,1658.195700233281,0.1809195380001256
0.35,37.54,1.42,38.77,docker_prometheus,0.0,,,6.457089523316123,7.816073000867618,1.16,74.97,12,1486.4896965043627,0.20181774599950586
0.14,37.9,8.97,38.27,docker_prometheus,0.0,,,5.9708535567066665,7.863311000619433,0.07,74.58,13,1594.6926841375594,0.1881240210004762
16.71,37.4,1.76,37.86,docker_prometheus,0.0,,,6.169518069991682,8.09190200016019,0.93,74.62,14,1556.7120877037557,0.1927138629998808
20.95,38.21,9.61,38.01,docker_prometheus,0.0,,,5.318710820001797,6.670992000181286,0.82,74.97,15,1803.2979542497628,0.1663618590000624
14.77,37.63,1.76,38.65,docker_prometheus,0.0,,,5.472752703335573,6.632158999309468,0.97,75.38,16,1751.5896186625127,0.1712729950004359
16.97,38.02,9.62,42.07,docker_prometheus,0.0,,,6.309911180002625,7.966195000335574,0.84,75.01,17,1523.9632476754966,0.19685514100001456
18.04,37.82,1.37,41.82,docker_prometheus,0.0,,,6.790061669962597,7.5033349994555465,0.98,77.77,18,1416.0545715707774,0.21185624200006714
14.49,37.65,10.72,41.8,docker_prometheus,0.0,,,5.322297030009698,6.769016000362171,0.83,77.02,19,1795.7633023243181,0.16705987900058972
0.36,37.58,1.56,42.05,docker_prometheus,0.0,,,5.576405723319719,7.417062999593327,0.83,76.46,20,1717.76553425415,0.17464548800035118
15.65,35.96,2.69,23.61,docker_full,0.0,0.03,66.26,6.350849803360082,7.683413000449946,0.13,57.34,1,1512.9440457386365,0.19828889299969887
0.17,37.28,9.61,27.05,docker_full,0.0,0.05,66.26,6.126733366712264,8.143787999870256,1.03,72.42,2,1572.9182980794021,0.19072827899981348
30.48,37.59,2.43,26.11,docker_full,0.0,0.16,66.76,6.083585740016133,7.753123999464151,5.55,69.11,3,1577.7028763930452,0.19014987199989264
17.88,38.21,9.29,33.14,docker_full,0.0,0.03,66.27,6.585517136733567,7.586550999803876,0.9,67.84,4,1462.149895883332,0.20517732200005412
0.4,36.8,2.85,33.29,docker_full,0.0,0.03,66.27,5.705289043350301,7.540945000073407,1.0,67.62,5,1676.7816095240082,0.17891417600003479
18.61,37.79,1.67,32.6,docker_full,0.0,0.27,66.52,5.7123273699714145,7.555774000138626,0.77,67.71,6,1682.0722241716521,0.17835143799948128
0.4,37.94,1.94,34.88,docker_full,0.0,0.03,66.52,5.614060043286979,7.246602999657625,0.93,68.01,7,1698.306638264183,0.17664654500003962
0.16,37.83,1.38,34.12,docker_full,0.0,0.03,66.27,5.727949483334669,7.279104000190273,0.89,67.96,8,1675.2718213633325,0.17907541700060392
0.41,37.59,8.66,35.44,docker_full,0.0,0.1,66.27,6.845994146675973,7.955985999615223,0.88,67.95,9,1408.9072100069448,0.21293098499972984
0.16,36.77,1.82,34.58,docker_full,0.0,0.04,66.31,6.022732466687255,7.983718000105,0.91,69.13,10,1599.2465373847162,0.18758833799984131
18.44,37.69,2.96,35.03,docker_full,0.0,0.03,66.31,5.932729620026294,8.040564000111772,0.93,68.17,11,1617.89008494823,0.18542668800000683
0.38,37.45,9.44,35.83,docker_full,0.0,0.03,66.31,5.984008949993344,7.538220999776968,1.81,69.42,12,1603.9538274452418,0.18703780300074868
4.73,37.98,1.82,36.5,docker_full,0.0,0.2,66.81,5.9087435799907935,7.774644999699376,0.0,71.26,13,1627.1001557980348,0.18437709499994526
0.38,37.69,7.73,41.04,docker_full,0.0,0.03,66.31,6.483175163336152,8.377046000532573,1.78,71.34,14,1488.60326087867,0.2015311989998736
0.16,37.54,3.02,40.66,docker_full,0.0,0.03,66.31,5.757500693322679,7.300964999558346,0.0,70.64,15,1672.8914586145086,0.17933022399938636
0.41,37.61,2.77,39.81,docker_full,0.0,0.2,66.56,5.826818133358151,7.775646000482084,1.73,70.94,16,1639.856919202316,0.18294279000019742
16.48,37.35,1.6,40.4,docker_full,0.0,0.03,66.31,6.065215689992935,7.490820999919379,0.0,72.22,17,1583.6782320557138,0.1894324200002302
18.29,37.83,8.75,41.71,docker_full,0.0,0.02,66.31,6.3075757099674465,7.556263999504154,1.75,73.2,18,1520.0902268848533,0.19735670599948207
0.15,37.3,3.84,41.71,docker_full,0.0,0.1,66.31,5.8293166733589405,7.76354400022683,1.81,72.69,19,1633.4563661791306,0.18365963499945792
0.38,36.86,8.8,42.66,docker_full,0.0,0.03,66.48,5.806491216641613,7.404158999634092,1.76,73.34,20,1644.0994561144485,0.18247071299992967
