timestamp,block,order_in_block,case,pinned,seed,duration_s,concurrency,loadgen_procs,settle_s,loadavg1_before,requests_ok,errors,throughput_ok_rps,mean_latency_ms,p50_latency_ms,p95_latency_ms,p99_latency_ms,load_wall_s,load_host_busy_cores,load_app_cores,load_cadvisor_cores,load_prometheus_cores,load_grafana_cores,load_monitoring_cores,load_loadgen_cores,load_proxy_cores,load_other_cores,idle_wall_s,idle_host_busy_cores,idle_app_cores,idle_cadvisor_cores,idle_prometheus_cores,idle_grafana_cores,idle_monitoring_cores,idle_proxy_cores,idle_other_cores,app_mem_mb,cadvisor_mem_mb,prometheus_mem_mb,grafana_mem_mb,status
2026-10-06T18:35:45.243983+05:30,1,1,docker,True,20261006,20.0,10,4,10.0,1.363281,48102,831,2399.175046,3.842804,3.889371,5.803604,13.057811,20.049392,7.063023,0.65521,,,,0.0,0.754669,4.971223,0.681921,5.00072,0.064016,0.012162,,,,0.0,0.0,0.051854,39.523438,,,,ok
2026-10-06T18:36:21.135534+05:30,1,2,docker,False,20261006,20.0,10,4,10.0,2.385742,12415,5490,619.882538,7.898938,5.565267,17.791258,19.784179,20.027988,10.295878,0.297434,,,,0.0,0.34873,9.238072,0.411642,5.000872,0.072,0.012375,,,,0.0,0.0,0.059625,37.957031,,,,ok
2026-10-06T18:36:57.589193+05:30,1,3,docker_full,True,20261006,20.0,10,4,10.0,3.669922,46816,145,2337.635164,4.209824,4.476845,6.468904,8.608762,20.027077,6.792626,0.605295,0.022753,0.004995,0.000267,0.028015,0.742897,4.736587,0.679832,5.000433,0.087989,0.012847,0.023575,0.003241,0.000625,0.027442,0.0,0.0477,39.046875,35.902344,125.207031,59.894531,ok
2026-10-06T18:37:34.152369+05:30,1,4,docker_full,False,20261006,20.0,10,4,10.0,3.505371,10567,5537,527.724921,9.017661,6.507387,18.469696,20.103873,20.02369,10.297628,0.260006,0.024027,0.00554,0.000273,0.029841,0.31887,9.31247,0.376442,5.000317,0.082041,0.012923,0.023,0.004093,0.000445,0.027537,0.0,0.041581,49.136719,34.574219,116.605469,58.890625,ok
2026-10-06T18:38:11.038577+05:30,2,1,docker_full,True,20261006,20.0,10,4,10.0,4.530273,45909,102,2292.475244,4.310417,4.630224,6.608888,8.009518,20.025952,6.76242,0.596736,0.022737,0.003903,0.000299,0.026939,0.727444,4.734856,0.676445,5.00086,0.1,0.012366,0.028859,0.003956,0.000285,0.033099,0.0,0.054534,39.148438,35.671875,112.605469,63.375,ok
2026-10-06T18:38:47.694808+05:30,2,2,docker_full,False,20261006,20.0,10,4,10.0,4.337402,45408,467,2267.652688,4.208607,4.29279,6.482141,13.094286,20.02423,7.216234,0.655933,0.023808,0.004052,0.000335,0.028195,0.719772,5.102818,0.709517,5.000812,0.12197,0.013455,0.030185,0.004841,0.000404,0.03543,0.0,0.073084,38.964844,36.929688,113.28125,63.558594,ok
2026-10-06T18:39:24.613561+05:30,2,3,docker,False,20261006,20.0,10,4,10.0,3.573242,9243,5615,461.56883,9.069664,6.625411,19.973574,22.567315,20.025182,10.211555,0.226048,,,,0.0,0.29345,9.361712,0.330345,5.000202,0.054014,0.012149,,,,0.0,0.0,0.041865,39.105469,,,,ok
2026-10-06T18:40:01.279491+05:30,2,4,docker,True,20261006,20.0,10,4,10.0,4.394043,47308,639,2362.063029,3.982195,4.03147,6.168303,14.070621,20.028255,7.087649,0.655637,,,,0.0,0.749767,5.012419,0.669826,5.000876,0.062,0.011926,,,,0.0,0.0,0.050074,38.125,,,,ok
2026-10-06T18:40:37.595220+05:30,3,1,docker,True,20261006,20.0,10,4,10.0,4.382324,12909,5280,644.772085,8.116951,5.913665,17.383622,19.337331,20.021028,10.159665,0.283439,,,,0.0,0.352269,9.088944,0.435014,5.001314,0.058,0.011992,,,,0.0,0.0,0.046008,38.335938,,,,ok
2026-10-06T18:41:14.090512+05:30,3,2,docker,False,20261006,20.0,10,4,10.0,4.897949,44464,836,2220.831843,4.151686,4.108635,6.791714,15.802466,20.021327,7.538716,0.657634,,,,0.0,0.708947,5.458679,0.713456,5.00074,0.058007,0.012009,,,,0.0,0.0,0.045999,39.105469,,,,ok
2026-10-06T18:41:50.387134+05:30,3,3,docker_full,True,20261006,20.0,10,4,10.0,5.097656,48116,0,2402.919396,4.15485,4.516091,6.289592,7.022408,20.023976,6.585484,0.610876,0.022216,0.00507,0.000315,0.027602,0.753534,4.527073,0.666399,5.00108,0.099975,0.012378,0.022796,0.004154,0.000272,0.027223,0.0,0.060374,39.328125,34.679688,118.503906,60.570312,ok
2026-10-06T18:42:27.153286+05:30,3,4,docker_full,False,20261006,20.0,10,4,10.0,4.524902,13444,4524,671.076227,8.276848,5.97954,18.66891,20.440256,20.033492,10.345542,0.315059,0.026858,0.005987,0.000327,0.033172,0.360718,9.180127,0.456466,5.000969,0.098,0.012872,0.025044,0.003131,0.000639,0.028814,0.0,0.056315,43.773438,33.582031,115.480469,58.585938,ok
2026-10-06T18:43:04.028953+05:30,4,1,docker_full,False,20261006,20.0,10,4,10.0,4.973633,40908,130,2042.993788,4.818989,5.26077,7.609752,10.841009,20.023556,7.186584,0.588466,0.023387,0.005493,0.000269,0.029149,0.651671,5.260304,0.656993,5.000865,0.101987,0.012921,0.028976,0.004736,0.00045,0.034163,0.0,0.054903,38.421875,30.515625,126.9375,65.371094,ok
2026-10-06T18:43:40.829684+05:30,4,2,docker_full,True,20261006,20.0,10,4,10.0,4.526367,49425,301,2468.110802,3.930582,4.116161,5.837824,10.592303,20.025438,6.788678,0.652401,0.0227,0.003845,0.000277,0.026822,0.775212,4.648088,0.686155,5.000789,0.110014,0.012571,0.031006,0.010099,0.000332,0.041437,0.0,0.056006,39.265625,30.324219,119.941406,68.238281,ok
2026-10-06T18:44:17.800621+05:30,4,3,docker,False,20261006,20.0,10,4,10.0,4.662109,12881,5116,643.335542,8.040032,5.77676,18.181007,20.122803,20.022211,10.299092,0.306239,,,,0.0,0.355773,9.223757,0.413324,5.000914,0.056028,0.012755,,,,0.0,0.0,0.043273,38.71875,,,,ok
2026-10-06T18:44:54.484016+05:30,4,4,docker,True,20261006,20.0,10,4,10.0,5.227539,43621,1371,2177.225878,3.960552,4.080554,5.862311,13.633586,20.035128,7.0312,0.582873,,,,0.0,0.689912,5.139972,0.618443,5.000933,0.063992,0.011976,,,,0.0,0.0,0.052016,38.921875,,,,ok
2026-10-06T18:45:30.837070+05:30,5,1,docker,False,20261006,20.0,10,4,10.0,4.401855,10221,6068,510.422097,8.313124,5.885864,18.257451,21.389534,20.024603,10.250866,0.259157,,,,0.0,0.317071,9.309048,0.36559,5.001025,0.072009,0.012397,,,,0.0,0.0,0.059612,38.34375,,,,ok
2026-10-06T18:46:07.332006+05:30,5,2,docker,True,20261006,20.0,10,4,10.0,4.855957,46902,587,2342.03535,4.032144,4.123735,6.184035,13.580938,20.026171,7.007096,0.621287,,,,0.0,0.743009,4.95951,0.68329,5.001201,0.062031,0.012156,,,,0.0,0.0,0.049875,38.875,,,,ok
2026-10-06T18:46:43.642337+05:30,5,3,docker_full,False,20261006,20.0,10,4,10.0,4.828613,16559,3897,826.974851,7.635425,5.611911,17.728098,19.831058,20.023584,10.371684,0.381972,0.024144,0.004231,0.000315,0.028691,0.416987,9.057819,0.486215,5.000662,0.245939,0.013245,0.028712,0.011378,0.000425,0.040515,0.0,0.192178,38.609375,33.574219,121.574219,62.117188,ok
2026-10-06T18:47:20.319024+05:30,5,4,docker_full,True,20261006,20.0,10,4,10.0,4.95752,44011,0,2197.733229,4.542742,5.080503,7.029954,7.824536,20.025633,6.727652,0.585922,0.022047,0.005348,0.000376,0.02777,0.698464,4.789362,0.626134,5.000777,0.092035,0.012707,0.023772,0.003387,0.000291,0.02745,0.0,0.051877,38.855469,33.933594,124.824219,59.203125,ok
2026-10-06T18:47:57.170456+05:30,6,1,docker_full,False,20261006,20.0,10,4,10.0,5.113281,44517,650,2222.921131,4.217073,4.28562,6.533592,13.06489,20.026352,7.24358,0.63733,0.023188,0.004133,0.000264,0.027586,0.69011,5.196154,0.6924,5.000679,0.094059,0.012667,0.031865,0.004749,0.000413,0.037026,0.0,0.044365,39.238281,30.34375,119.085938,62.347656,ok
2026-10-06T18:48:34.065948+05:30,6,2,docker,True,20261006,20.0,10,4,10.0,4.967773,49030,85,2448.430564,4.044396,4.300728,6.080691,7.730401,20.025073,6.642402,0.639597,,,,0.0,0.766971,4.496863,0.738972,5.000917,0.060023,0.012244,,,,0.0,0.0,0.047779,38.476562,,,,ok
2026-10-06T18:49:10.734672+05:30,6,3,docker,False,20261006,20.0,10,4,10.0,4.353516,6615,6053,330.358908,11.320799,11.017194,20.679944,22.180222,20.023677,10.062422,0.165231,,,,0.0,0.238675,9.386887,0.271628,5.000229,0.067992,0.012164,,,,0.0,0.0,0.055828,38.605469,,,,ok
2026-10-06T18:49:47.253374+05:30,6,4,docker_full,True,20261006,20.0,10,4,10.0,4.82959,43374,0,2166.46543,4.609116,5.267514,7.084468,7.773442,20.020629,6.834608,0.555974,0.022561,0.003891,0.000269,0.026721,0.68639,4.945899,0.619625,5.000379,0.096036,0.012418,0.024065,0.004112,0.000492,0.028669,0.0,0.054949,39.011719,33.871094,120.3125,69.015625,ok
2026-10-06T18:50:24.088943+05:30,7,1,docker,True,20261006,20.0,10,4,10.0,4.261719,47248,292,2359.398196,4.10646,4.299977,6.211958,11.907186,20.025446,6.883021,0.6241,,,,0.0,0.744722,4.796897,0.717302,5.00067,0.056028,0.01196,,,,0.0,0.0,0.044068,38.796875,,,,ok
2026-10-06T18:51:00.799210+05:30,7,2,docker_full,False,20261006,20.0,10,4,10.0,3.421387,45109,273,2252.646061,4.315141,4.433538,6.702139,12.493799,20.024895,7.155218,0.652069,0.023349,0.003858,0.00026,0.027468,0.716592,5.050713,0.708376,5.000963,0.102,0.013131,0.027144,0.01003,0.000328,0.037502,0.0,0.051367,39.710938,30.980469,121.816406,66.320312,ok
2026-10-06T18:51:37.548749+05:30,7,3,docker,False,20261006,20.0,10,4,10.0,4.256836,42373,870,2115.994763,4.309738,4.493661,6.730112,12.067558,20.025097,7.104573,0.598068,,,,0.0,0.665653,5.167016,0.673835,5.000197,0.060008,0.012162,,,,0.0,0.0,0.047846,38.597656,,,,ok
2026-10-06T18:52:14.212957+05:30,7,4,docker_full,True,20261006,20.0,10,4,10.0,3.530762,47616,1,2377.359124,4.198741,4.542022,6.394402,7.371658,20.028947,6.549501,0.625864,0.022767,0.003791,0.000275,0.026832,0.74933,4.460045,0.687431,5.000934,0.101987,0.012388,0.028156,0.003834,0.000339,0.03233,0.0,0.05727,38.984375,32.671875,117.300781,60.414062,ok
2026-10-06T18:52:51.013151+05:30,8,1,docker_full,True,20261006,20.0,10,4,10.0,3.362793,42992,0,2147.239608,4.650349,5.299335,7.157696,7.804741,20.021985,6.820969,0.55445,0.022263,0.003762,0.000289,0.026314,0.680573,4.953055,0.606577,5.000272,0.101987,0.012438,0.030156,0.003949,0.000294,0.034399,0.0,0.05515,39.417969,32.347656,124.792969,59.992188,ok
2026-10-06T18:53:27.964538+05:30,8,2,docker,False,20261006,20.0,10,4,10.0,3.726074,42365,434,2115.895659,4.507463,4.611252,7.052778,14.0007,20.022254,7.266108,0.619911,,,,0.0,0.672645,5.273632,0.699919,5.001026,0.07,0.013281,,,,0.0,0.0,0.056719,39.722656,,,,ok
2026-10-06T18:54:04.617469+05:30,8,3,docker,True,20261006,20.0,10,4,10.0,3.226074,17486,2510,873.17403,8.408853,6.239581,19.653419,22.024674,20.02579,10.155046,0.403799,,,,0.0,0.415214,8.859575,0.476457,5.00088,0.062,0.012065,,,,0.0,0.0,0.049935,37.871094,,,,ok
2026-10-06T18:54:41.150661+05:30,8,4,docker_full,False,20261006,20.0,10,4,10.0,4.46582,41224,1542,2058.822555,4.161036,4.172859,6.421844,15.739697,20.023095,7.475046,0.614896,0.023027,0.003907,0.000266,0.0272,0.670261,5.449207,0.713482,5.000444,0.092046,0.012834,0.025644,0.003895,0.000301,0.029841,0.0,0.049371,39.109375,33.585938,118.375,66.824219,ok
2026-10-06T18:55:17.577444+05:30,9,1,docker,True,20261006,20.0,10,4,10.0,3.86084,48013,693,2396.466016,3.895367,4.081306,5.671024,11.066068,20.034918,6.884167,0.648143,,,,0.0,0.747188,4.797624,0.691212,5.001221,0.063992,0.011825,,,,0.0,0.0,0.052167,38.34375,,,,ok
2026-10-06T18:55:54.253805+05:30,9,2,docker_full,True,20261006,20.0,10,4,10.0,3.479004,45420,0,2267.773204,4.401883,4.896989,6.709685,7.458962,20.028458,6.710768,0.584234,0.022494,0.004082,0.000272,0.026849,0.71436,4.703308,0.682018,5.001086,0.092,0.012202,0.030146,0.004099,0.000449,0.034694,0.0,0.045104,38.75,34.367188,121.140625,63.382812,ok
2026-10-06T18:56:31.039455+05:30,9,3,docker,False,20261006,20.0,10,4,10.0,3.57373,43228,419,2158.308968,4.433048,4.543415,6.982386,13.497385,20.028643,7.206731,0.631793,,,,0.0,0.684128,5.163605,0.727205,5.00089,0.085989,0.012529,,,,0.0,0.0,0.07346,39.652344,,,,ok
2026-10-06T18:57:07.747318+05:30,9,4,docker_full,False,20261006,20.0,10,4,10.0,3.655762,9393,5143,469.034728,9.921717,7.021891,20.252075,21.273373,20.026236,10.285001,0.242482,0.024018,0.006045,0.000282,0.030345,0.289835,9.3767,0.345639,5.000788,0.088,0.013054,0.031,0.003899,0.000507,0.035406,0.0,0.03954,38.484375,32.855469,127.394531,62.917969,ok
2026-10-06T18:57:44.441586+05:30,10,1,docker,False,20261006,20.0,10,4,10.0,4.440918,41849,1385,2089.593772,4.169946,4.095454,7.19149,16.781726,20.027338,7.469294,0.603115,,,,0.0,0.661115,5.544921,0.660142,5.000209,0.066033,0.012049,,,,0.0,0.0,0.053984,38.273438,,,,ok
2026-10-06T18:58:20.793858+05:30,10,2,docker_full,True,20261006,20.0,10,4,10.0,4.271973,44307,0,2212.514622,4.512401,5.063823,6.956469,7.632959,20.02563,6.731735,0.579138,0.022061,0.003874,0.00037,0.026305,0.695881,4.788863,0.641548,5.000801,0.104,0.012783,0.029864,0.004971,0.00024,0.035076,0.0,0.056141,39.234375,29.921875,124.5,61.808594,ok
2026-10-06T18:58:57.807127+05:30,10,3,docker,True,20261006,20.0,10,4,10.0,5.374023,47890,352,2391.25836,4.034796,4.24264,6.028155,11.860771,20.027112,6.849249,0.630697,,,,0.0,0.751543,4.781019,0.685989,5.001323,0.058,0.012192,,,,0.0,0.0,0.045808,38.628906,,,,ok
2026-10-06T18:59:34.489000+05:30,10,4,docker_full,False,20261006,20.0,10,4,10.0,4.339355,7099,6051,354.529507,11.02772,11.558193,20.00955,21.072156,20.023721,10.150629,0.184569,0.023779,0.004275,0.000339,0.028393,0.248122,9.407342,0.282203,5.000806,0.094012,0.012819,0.025674,0.004235,0.000479,0.030387,0.0,0.050806,38.613281,31.300781,124.652344,66.882812,ok
